CB4856-2008	CB4856-2008_S125	S125	/projects/b1059/projects/kammenga-nils-nf/fastq/CB4856-2008_S125_L004_R1.fq.gz	/projects/b1059/projects/kammenga-nils-nf/fastq/CB4856-2008_S125_L004_R2.fq.gz
CBN001	CBN001_S105	S105	/projects/b1059/projects/kammenga-nils-nf/fastq/CBN001_S105_L004_R1.fq.gz	/projects/b1059/projects/kammenga-nils-nf/fastq/CBN001_S105_L004_R2.fq.gz
CBN001	ECA23_CBN001_L5	TAGGCATGTCTAGTT	/projects/b1059/projects/kammenga-nils-nf/fastq/ECA23-CBN001-FCHF7JNBBXX_L5_Sub_CHKPEI85216100518_indexTAGGCATG_TCTAGTT_1P.fq.gz	/projects/b1059/projects/kammenga-nils-nf/fastq/ECA23-CBN001-FCHF7JNBBXX_L5_Sub_CHKPEI85216100518_indexTAGGCATG_TCTAGTT_2P.fq.gz
CBN001	ECA23_CBN001_L6	TAGGCATGTCTAGTT	/projects/b1059/projects/kammenga-nils-nf/fastq/ECA23-CBN001-FCHF7JNBBXX_L6_Sub_CHKPEI85216100518_indexTAGGCATG_TCTAGTT_1P.fq.gz	/projects/b1059/projects/kammenga-nils-nf/fastq/ECA23-CBN001-FCHF7JNBBXX_L6_Sub_CHKPEI85216100518_indexTAGGCATG_TCTAGTT_2P.fq.gz
CBN002	CBN002_S95	S95	/projects/b1059/projects/kammenga-nils-nf/fastq/CBN002_S95_L004_R1.fq.gz	/projects/b1059/projects/kammenga-nils-nf/fastq/CBN002_S95_L004_R2.fq.gz
CBN003	CBN003_S41	S41	/projects/b1059/projects/kammenga-nils-nf/fastq/CBN003_S41_L004_R1.fq.gz	/projects/b1059/projects/kammenga-nils-nf/fastq/CBN003_S41_L004_R2.fq.gz
CBN004	CBN004_S162	S162	/projects/b1059/projects/kammenga-nils-nf/fastq/CBN004_S162_L004_R1.fq.gz	/projects/b1059/projects/kammenga-nils-nf/fastq/CBN004_S162_L004_R2.fq.gz
CBN005	CBN005_S139	S139	/projects/b1059/projects/kammenga-nils-nf/fastq/CBN005_S139_L004_R1.fq.gz	/projects/b1059/projects/kammenga-nils-nf/fastq/CBN005_S139_L004_R2.fq.gz
CBN006	CBN006_S62	S62	/projects/b1059/projects/kammenga-nils-nf/fastq/CBN006_S62_L004_R1.fq.gz	/projects/b1059/projects/kammenga-nils-nf/fastq/CBN006_S62_L004_R2.fq.gz
CBN007	CBN007_S124	S124	/projects/b1059/projects/kammenga-nils-nf/fastq/CBN007_S124_L004_R1.fq.gz	/projects/b1059/projects/kammenga-nils-nf/fastq/CBN007_S124_L004_R2.fq.gz
CBN008	CBN008_S18	S18	/projects/b1059/projects/kammenga-nils-nf/fastq/CBN008_S18_L004_R1.fq.gz	/projects/b1059/projects/kammenga-nils-nf/fastq/CBN008_S18_L004_R2.fq.gz
CBN009	CBN009_S81	S81	/projects/b1059/projects/kammenga-nils-nf/fastq/CBN009_S81_L004_R1.fq.gz	/projects/b1059/projects/kammenga-nils-nf/fastq/CBN009_S81_L004_R2.fq.gz
CBN010	CBN010_S170	S170	/projects/b1059/projects/kammenga-nils-nf/fastq/CBN010_S170_L004_R1.fq.gz	/projects/b1059/projects/kammenga-nils-nf/fastq/CBN010_S170_L004_R2.fq.gz
CBN011	CBN011_S64	S64	/projects/b1059/projects/kammenga-nils-nf/fastq/CBN011_S64_L004_R1.fq.gz	/projects/b1059/projects/kammenga-nils-nf/fastq/CBN011_S64_L004_R2.fq.gz
CBN012	CBN012_S138	S138	/projects/b1059/projects/kammenga-nils-nf/fastq/CBN012_S138_L004_R1.fq.gz	/projects/b1059/projects/kammenga-nils-nf/fastq/CBN012_S138_L004_R2.fq.gz
CBN013	CBN013_S12	S12	/projects/b1059/projects/kammenga-nils-nf/fastq/CBN013_S12_L004_R1.fq.gz	/projects/b1059/projects/kammenga-nils-nf/fastq/CBN013_S12_L004_R2.fq.gz
CBN014	CBN014_S20	S20	/projects/b1059/projects/kammenga-nils-nf/fastq/CBN014_S20_L004_R1.fq.gz	/projects/b1059/projects/kammenga-nils-nf/fastq/CBN014_S20_L004_R2.fq.gz
CBN015	CBN015_S174	S174	/projects/b1059/projects/kammenga-nils-nf/fastq/CBN015_S174_L004_R1.fq.gz	/projects/b1059/projects/kammenga-nils-nf/fastq/CBN015_S174_L004_R2.fq.gz
CBN016	CBN016_S156	S156	/projects/b1059/projects/kammenga-nils-nf/fastq/CBN016_S156_L004_R1.fq.gz	/projects/b1059/projects/kammenga-nils-nf/fastq/CBN016_S156_L004_R2.fq.gz
CBN017	CBN017_S2	S2	/projects/b1059/projects/kammenga-nils-nf/fastq/CBN017_S2_L004_R1.fq.gz	/projects/b1059/projects/kammenga-nils-nf/fastq/CBN017_S2_L004_R2.fq.gz
CBN018	CBN018_S57	S57	/projects/b1059/projects/kammenga-nils-nf/fastq/CBN018_S57_L004_R1.fq.gz	/projects/b1059/projects/kammenga-nils-nf/fastq/CBN018_S57_L004_R2.fq.gz
CBN019	CBN019_S150	S150	/projects/b1059/projects/kammenga-nils-nf/fastq/CBN019_S150_L004_R1.fq.gz	/projects/b1059/projects/kammenga-nils-nf/fastq/CBN019_S150_L004_R2.fq.gz
CBN020	CBN020_S177	S177	/projects/b1059/projects/kammenga-nils-nf/fastq/CBN020_S177_L004_R1.fq.gz	/projects/b1059/projects/kammenga-nils-nf/fastq/CBN020_S177_L004_R2.fq.gz
CBN021	CBN021_S167	S167	/projects/b1059/projects/kammenga-nils-nf/fastq/CBN021_S167_L004_R1.fq.gz	/projects/b1059/projects/kammenga-nils-nf/fastq/CBN021_S167_L004_R2.fq.gz
CBN022	CBN022_S88	S88	/projects/b1059/projects/kammenga-nils-nf/fastq/CBN022_S88_L004_R1.fq.gz	/projects/b1059/projects/kammenga-nils-nf/fastq/CBN022_S88_L004_R2.fq.gz
CBN023	CBN023_S14	S14	/projects/b1059/projects/kammenga-nils-nf/fastq/CBN023_S14_L004_R1.fq.gz	/projects/b1059/projects/kammenga-nils-nf/fastq/CBN023_S14_L004_R2.fq.gz
CBN024	CBN024_S91	S91	/projects/b1059/projects/kammenga-nils-nf/fastq/CBN024_S91_L004_R1.fq.gz	/projects/b1059/projects/kammenga-nils-nf/fastq/CBN024_S91_L004_R2.fq.gz
CBN025	CBN025_S119	S119	/projects/b1059/projects/kammenga-nils-nf/fastq/CBN025_S119_L004_R1.fq.gz	/projects/b1059/projects/kammenga-nils-nf/fastq/CBN025_S119_L004_R2.fq.gz
CBN026	CBN026_S112	S112	/projects/b1059/projects/kammenga-nils-nf/fastq/CBN026_S112_L004_R1.fq.gz	/projects/b1059/projects/kammenga-nils-nf/fastq/CBN026_S112_L004_R2.fq.gz
CBN027	CBN027_S108	S108	/projects/b1059/projects/kammenga-nils-nf/fastq/CBN027_S108_L004_R1.fq.gz	/projects/b1059/projects/kammenga-nils-nf/fastq/CBN027_S108_L004_R2.fq.gz
CBN028	CBN028_S48	S48	/projects/b1059/projects/kammenga-nils-nf/fastq/CBN028_S48_L004_R1.fq.gz	/projects/b1059/projects/kammenga-nils-nf/fastq/CBN028_S48_L004_R2.fq.gz
CBN029	CBN029_S102	S102	/projects/b1059/projects/kammenga-nils-nf/fastq/CBN029_S102_L004_R1.fq.gz	/projects/b1059/projects/kammenga-nils-nf/fastq/CBN029_S102_L004_R2.fq.gz
CBN030	CBN030_S157	S157	/projects/b1059/projects/kammenga-nils-nf/fastq/CBN030_S157_L004_R1.fq.gz	/projects/b1059/projects/kammenga-nils-nf/fastq/CBN030_S157_L004_R2.fq.gz
CBN031	CBN031_S94	S94	/projects/b1059/projects/kammenga-nils-nf/fastq/CBN031_S94_L004_R1.fq.gz	/projects/b1059/projects/kammenga-nils-nf/fastq/CBN031_S94_L004_R2.fq.gz
CBN032	CBN032_S53	S53	/projects/b1059/projects/kammenga-nils-nf/fastq/CBN032_S53_L004_R1.fq.gz	/projects/b1059/projects/kammenga-nils-nf/fastq/CBN032_S53_L004_R2.fq.gz
CBN033	CBN033_S136	S136	/projects/b1059/projects/kammenga-nils-nf/fastq/CBN033_S136_L004_R1.fq.gz	/projects/b1059/projects/kammenga-nils-nf/fastq/CBN033_S136_L004_R2.fq.gz
CBN034	CBN034_S38	S38	/projects/b1059/projects/kammenga-nils-nf/fastq/CBN034_S38_L004_R1.fq.gz	/projects/b1059/projects/kammenga-nils-nf/fastq/CBN034_S38_L004_R2.fq.gz
CBN035	CBN035_S178	S178	/projects/b1059/projects/kammenga-nils-nf/fastq/CBN035_S178_L004_R1.fq.gz	/projects/b1059/projects/kammenga-nils-nf/fastq/CBN035_S178_L004_R2.fq.gz
CBN036	CBN036_S93	S93	/projects/b1059/projects/kammenga-nils-nf/fastq/CBN036_S93_L004_R1.fq.gz	/projects/b1059/projects/kammenga-nils-nf/fastq/CBN036_S93_L004_R2.fq.gz
CBN037	CBN037_S16	S16	/projects/b1059/projects/kammenga-nils-nf/fastq/CBN037_S16_L004_R1.fq.gz	/projects/b1059/projects/kammenga-nils-nf/fastq/CBN037_S16_L004_R2.fq.gz
CBN038	CBN038_S82	S82	/projects/b1059/projects/kammenga-nils-nf/fastq/CBN038_S82_L004_R1.fq.gz	/projects/b1059/projects/kammenga-nils-nf/fastq/CBN038_S82_L004_R2.fq.gz
CBN039	CBN039_S19	S19	/projects/b1059/projects/kammenga-nils-nf/fastq/CBN039_S19_L004_R1.fq.gz	/projects/b1059/projects/kammenga-nils-nf/fastq/CBN039_S19_L004_R2.fq.gz
CBN040	CBN040_S152	S152	/projects/b1059/projects/kammenga-nils-nf/fastq/CBN040_S152_L004_R1.fq.gz	/projects/b1059/projects/kammenga-nils-nf/fastq/CBN040_S152_L004_R2.fq.gz
CBN041	CBN041_S160	S160	/projects/b1059/projects/kammenga-nils-nf/fastq/CBN041_S160_L004_R1.fq.gz	/projects/b1059/projects/kammenga-nils-nf/fastq/CBN041_S160_L004_R2.fq.gz
CBN042	CBN042_S189	S189	/projects/b1059/projects/kammenga-nils-nf/fastq/CBN042_S189_L004_R1.fq.gz	/projects/b1059/projects/kammenga-nils-nf/fastq/CBN042_S189_L004_R2.fq.gz
CBN043	CBN043_S84	S84	/projects/b1059/projects/kammenga-nils-nf/fastq/CBN043_S84_L004_R1.fq.gz	/projects/b1059/projects/kammenga-nils-nf/fastq/CBN043_S84_L004_R2.fq.gz
CBN044	CBN044_S132	S132	/projects/b1059/projects/kammenga-nils-nf/fastq/CBN044_S132_L004_R1.fq.gz	/projects/b1059/projects/kammenga-nils-nf/fastq/CBN044_S132_L004_R2.fq.gz
CBN045	CBN045_S142	S142	/projects/b1059/projects/kammenga-nils-nf/fastq/CBN045_S142_L004_R1.fq.gz	/projects/b1059/projects/kammenga-nils-nf/fastq/CBN045_S142_L004_R2.fq.gz
CBN046	CBN046_S31	S31	/projects/b1059/projects/kammenga-nils-nf/fastq/CBN046_S31_L004_R1.fq.gz	/projects/b1059/projects/kammenga-nils-nf/fastq/CBN046_S31_L004_R2.fq.gz
CBN047	CBN047_S161	S161	/projects/b1059/projects/kammenga-nils-nf/fastq/CBN047_S161_L004_R1.fq.gz	/projects/b1059/projects/kammenga-nils-nf/fastq/CBN047_S161_L004_R2.fq.gz
CBN048	CBN048_S163	S163	/projects/b1059/projects/kammenga-nils-nf/fastq/CBN048_S163_L004_R1.fq.gz	/projects/b1059/projects/kammenga-nils-nf/fastq/CBN048_S163_L004_R2.fq.gz
CBN049	CBN049_S58	S58	/projects/b1059/projects/kammenga-nils-nf/fastq/CBN049_S58_L004_R1.fq.gz	/projects/b1059/projects/kammenga-nils-nf/fastq/CBN049_S58_L004_R2.fq.gz
CBN050	CBN050_S123	S123	/projects/b1059/projects/kammenga-nils-nf/fastq/CBN050_S123_L004_R1.fq.gz	/projects/b1059/projects/kammenga-nils-nf/fastq/CBN050_S123_L004_R2.fq.gz
CBN051	CBN051_S42	S42	/projects/b1059/projects/kammenga-nils-nf/fastq/CBN051_S42_L004_R1.fq.gz	/projects/b1059/projects/kammenga-nils-nf/fastq/CBN051_S42_L004_R2.fq.gz
CBN052	CBN052_S5	S5	/projects/b1059/projects/kammenga-nils-nf/fastq/CBN052_S5_L004_R1.fq.gz	/projects/b1059/projects/kammenga-nils-nf/fastq/CBN052_S5_L004_R2.fq.gz
CBN053	CBN053_S127	S127	/projects/b1059/projects/kammenga-nils-nf/fastq/CBN053_S127_L004_R1.fq.gz	/projects/b1059/projects/kammenga-nils-nf/fastq/CBN053_S127_L004_R2.fq.gz
CBN054	CBN054_S85	S85	/projects/b1059/projects/kammenga-nils-nf/fastq/CBN054_S85_L004_R1.fq.gz	/projects/b1059/projects/kammenga-nils-nf/fastq/CBN054_S85_L004_R2.fq.gz
CBN055	CBN055_S21	S21	/projects/b1059/projects/kammenga-nils-nf/fastq/CBN055_S21_L004_R1.fq.gz	/projects/b1059/projects/kammenga-nils-nf/fastq/CBN055_S21_L004_R2.fq.gz
CBN056	CBN056_S135	S135	/projects/b1059/projects/kammenga-nils-nf/fastq/CBN056_S135_L004_R1.fq.gz	/projects/b1059/projects/kammenga-nils-nf/fastq/CBN056_S135_L004_R2.fq.gz
CBN057	CBN057_S87	S87	/projects/b1059/projects/kammenga-nils-nf/fastq/CBN057_S87_L004_R1.fq.gz	/projects/b1059/projects/kammenga-nils-nf/fastq/CBN057_S87_L004_R2.fq.gz
CBN058	CBN058_S186	S186	/projects/b1059/projects/kammenga-nils-nf/fastq/CBN058_S186_L004_R1.fq.gz	/projects/b1059/projects/kammenga-nils-nf/fastq/CBN058_S186_L004_R2.fq.gz
CBN059	CBN059_S172	S172	/projects/b1059/projects/kammenga-nils-nf/fastq/CBN059_S172_L004_R1.fq.gz	/projects/b1059/projects/kammenga-nils-nf/fastq/CBN059_S172_L004_R2.fq.gz
CBN060	CBN060_S116	S116	/projects/b1059/projects/kammenga-nils-nf/fastq/CBN060_S116_L004_R1.fq.gz	/projects/b1059/projects/kammenga-nils-nf/fastq/CBN060_S116_L004_R2.fq.gz
CBN061	CBN061_S25	S25	/projects/b1059/projects/kammenga-nils-nf/fastq/CBN061_S25_L004_R1.fq.gz	/projects/b1059/projects/kammenga-nils-nf/fastq/CBN061_S25_L004_R2.fq.gz
CBN062	CBN062_S169	S169	/projects/b1059/projects/kammenga-nils-nf/fastq/CBN062_S169_L004_R1.fq.gz	/projects/b1059/projects/kammenga-nils-nf/fastq/CBN062_S169_L004_R2.fq.gz
CBN063	CBN063_S192	S192	/projects/b1059/projects/kammenga-nils-nf/fastq/CBN063_S192_L004_R1.fq.gz	/projects/b1059/projects/kammenga-nils-nf/fastq/CBN063_S192_L004_R2.fq.gz
CBN064	CBN064_S129	S129	/projects/b1059/projects/kammenga-nils-nf/fastq/CBN064_S129_L004_R1.fq.gz	/projects/b1059/projects/kammenga-nils-nf/fastq/CBN064_S129_L004_R2.fq.gz
CBN065	CBN065_S90	S90	/projects/b1059/projects/kammenga-nils-nf/fastq/CBN065_S90_L004_R1.fq.gz	/projects/b1059/projects/kammenga-nils-nf/fastq/CBN065_S90_L004_R2.fq.gz
CBN066	CBN066_S63	S63	/projects/b1059/projects/kammenga-nils-nf/fastq/CBN066_S63_L004_R1.fq.gz	/projects/b1059/projects/kammenga-nils-nf/fastq/CBN066_S63_L004_R2.fq.gz
CBN067	CBN067_S190	S190	/projects/b1059/projects/kammenga-nils-nf/fastq/CBN067_S190_L004_R1.fq.gz	/projects/b1059/projects/kammenga-nils-nf/fastq/CBN067_S190_L004_R2.fq.gz
CBN068	CBN068_S96	S96	/projects/b1059/projects/kammenga-nils-nf/fastq/CBN068_S96_L004_R1.fq.gz	/projects/b1059/projects/kammenga-nils-nf/fastq/CBN068_S96_L004_R2.fq.gz
CBN069	CBN069_S61	S61	/projects/b1059/projects/kammenga-nils-nf/fastq/CBN069_S61_L004_R1.fq.gz	/projects/b1059/projects/kammenga-nils-nf/fastq/CBN069_S61_L004_R2.fq.gz
CBN070	CBN070_S69	S69	/projects/b1059/projects/kammenga-nils-nf/fastq/CBN070_S69_L004_R1.fq.gz	/projects/b1059/projects/kammenga-nils-nf/fastq/CBN070_S69_L004_R2.fq.gz
CBN071	CBN071_S165	S165	/projects/b1059/projects/kammenga-nils-nf/fastq/CBN071_S165_L004_R1.fq.gz	/projects/b1059/projects/kammenga-nils-nf/fastq/CBN071_S165_L004_R2.fq.gz
CBN072	CBN072_S168	S168	/projects/b1059/projects/kammenga-nils-nf/fastq/CBN072_S168_L004_R1.fq.gz	/projects/b1059/projects/kammenga-nils-nf/fastq/CBN072_S168_L004_R2.fq.gz
CBN073	CBN073_S26	S26	/projects/b1059/projects/kammenga-nils-nf/fastq/CBN073_S26_L004_R1.fq.gz	/projects/b1059/projects/kammenga-nils-nf/fastq/CBN073_S26_L004_R2.fq.gz
CBN074	CBN074_S110	S110	/projects/b1059/projects/kammenga-nils-nf/fastq/CBN074_S110_L004_R1.fq.gz	/projects/b1059/projects/kammenga-nils-nf/fastq/CBN074_S110_L004_R2.fq.gz
CBN075	CBN075_S106	S106	/projects/b1059/projects/kammenga-nils-nf/fastq/CBN075_S106_L004_R1.fq.gz	/projects/b1059/projects/kammenga-nils-nf/fastq/CBN075_S106_L004_R2.fq.gz
CBN076	CBN076_S120	S120	/projects/b1059/projects/kammenga-nils-nf/fastq/CBN076_S120_L004_R1.fq.gz	/projects/b1059/projects/kammenga-nils-nf/fastq/CBN076_S120_L004_R2.fq.gz
CBN077	CBN077_S34	S34	/projects/b1059/projects/kammenga-nils-nf/fastq/CBN077_S34_L004_R1.fq.gz	/projects/b1059/projects/kammenga-nils-nf/fastq/CBN077_S34_L004_R2.fq.gz
CBN078	CBN078_S184	S184	/projects/b1059/projects/kammenga-nils-nf/fastq/CBN078_S184_L004_R1.fq.gz	/projects/b1059/projects/kammenga-nils-nf/fastq/CBN078_S184_L004_R2.fq.gz
CBN079	CBN079_S164	S164	/projects/b1059/projects/kammenga-nils-nf/fastq/CBN079_S164_L004_R1.fq.gz	/projects/b1059/projects/kammenga-nils-nf/fastq/CBN079_S164_L004_R2.fq.gz
CBN080	CBN080_S78	S78	/projects/b1059/projects/kammenga-nils-nf/fastq/CBN080_S78_L004_R1.fq.gz	/projects/b1059/projects/kammenga-nils-nf/fastq/CBN080_S78_L004_R2.fq.gz
CBN081	CBN081_S144	S144	/projects/b1059/projects/kammenga-nils-nf/fastq/CBN081_S144_L004_R1.fq.gz	/projects/b1059/projects/kammenga-nils-nf/fastq/CBN081_S144_L004_R2.fq.gz
CBN082	CBN082_S51	S51	/projects/b1059/projects/kammenga-nils-nf/fastq/CBN082_S51_L004_R1.fq.gz	/projects/b1059/projects/kammenga-nils-nf/fastq/CBN082_S51_L004_R2.fq.gz
CBN083	CBN083_S171	S171	/projects/b1059/projects/kammenga-nils-nf/fastq/CBN083_S171_L004_R1.fq.gz	/projects/b1059/projects/kammenga-nils-nf/fastq/CBN083_S171_L004_R2.fq.gz
CBN084	CBN084_S9	S9	/projects/b1059/projects/kammenga-nils-nf/fastq/CBN084_S9_L004_R1.fq.gz	/projects/b1059/projects/kammenga-nils-nf/fastq/CBN084_S9_L004_R2.fq.gz
CBN085	CBN085_S68	S68	/projects/b1059/projects/kammenga-nils-nf/fastq/CBN085_S68_L004_R1.fq.gz	/projects/b1059/projects/kammenga-nils-nf/fastq/CBN085_S68_L004_R2.fq.gz
CBN086	CBN086_S148	S148	/projects/b1059/projects/kammenga-nils-nf/fastq/CBN086_S148_L004_R1.fq.gz	/projects/b1059/projects/kammenga-nils-nf/fastq/CBN086_S148_L004_R2.fq.gz
CBN087	CBN087_S65	S65	/projects/b1059/projects/kammenga-nils-nf/fastq/CBN087_S65_L004_R1.fq.gz	/projects/b1059/projects/kammenga-nils-nf/fastq/CBN087_S65_L004_R2.fq.gz
CBN088	CBN088_S27	S27	/projects/b1059/projects/kammenga-nils-nf/fastq/CBN088_S27_L004_R1.fq.gz	/projects/b1059/projects/kammenga-nils-nf/fastq/CBN088_S27_L004_R2.fq.gz
CBN089	CBN089_S143	S143	/projects/b1059/projects/kammenga-nils-nf/fastq/CBN089_S143_L004_R1.fq.gz	/projects/b1059/projects/kammenga-nils-nf/fastq/CBN089_S143_L004_R2.fq.gz
CBN090	CBN090_S29	S29	/projects/b1059/projects/kammenga-nils-nf/fastq/CBN090_S29_L004_R1.fq.gz	/projects/b1059/projects/kammenga-nils-nf/fastq/CBN090_S29_L004_R2.fq.gz
CBN091	CBN091_S115	S115	/projects/b1059/projects/kammenga-nils-nf/fastq/CBN091_S115_L004_R1.fq.gz	/projects/b1059/projects/kammenga-nils-nf/fastq/CBN091_S115_L004_R2.fq.gz
CBN092	CBN092_S187	S187	/projects/b1059/projects/kammenga-nils-nf/fastq/CBN092_S187_L004_R1.fq.gz	/projects/b1059/projects/kammenga-nils-nf/fastq/CBN092_S187_L004_R2.fq.gz
CBN093	CBN093_S183	S183	/projects/b1059/projects/kammenga-nils-nf/fastq/CBN093_S183_L004_R1.fq.gz	/projects/b1059/projects/kammenga-nils-nf/fastq/CBN093_S183_L004_R2.fq.gz
CBN094	CBN094_S180	S180	/projects/b1059/projects/kammenga-nils-nf/fastq/CBN094_S180_L004_R1.fq.gz	/projects/b1059/projects/kammenga-nils-nf/fastq/CBN094_S180_L004_R2.fq.gz
CBN095	CBN095_S39	S39	/projects/b1059/projects/kammenga-nils-nf/fastq/CBN095_S39_L004_R1.fq.gz	/projects/b1059/projects/kammenga-nils-nf/fastq/CBN095_S39_L004_R2.fq.gz
CBN096	CBN096_S60	S60	/projects/b1059/projects/kammenga-nils-nf/fastq/CBN096_S60_L004_R1.fq.gz	/projects/b1059/projects/kammenga-nils-nf/fastq/CBN096_S60_L004_R2.fq.gz
CBN097	CBN097_S11	S11	/projects/b1059/projects/kammenga-nils-nf/fastq/CBN097_S11_L004_R1.fq.gz	/projects/b1059/projects/kammenga-nils-nf/fastq/CBN097_S11_L004_R2.fq.gz
CBN097	ECA23_CBN097_L5	TAGGCATGGCCATAG	/projects/b1059/projects/kammenga-nils-nf/fastq/ECA23-CBN097-FCHF7JNBBXX_L5_Sub_CHKPEI85216100518_indexTAGGCATG_GCCATAG_1P.fq.gz	/projects/b1059/projects/kammenga-nils-nf/fastq/ECA23-CBN097-FCHF7JNBBXX_L5_Sub_CHKPEI85216100518_indexTAGGCATG_GCCATAG_2P.fq.gz
CBN097	ECA23_CBN097_L6	TAGGCATGGCCATAG	/projects/b1059/projects/kammenga-nils-nf/fastq/ECA23-CBN097-FCHF7JNBBXX_L6_Sub_CHKPEI85216100518_indexTAGGCATG_GCCATAG_1P.fq.gz	/projects/b1059/projects/kammenga-nils-nf/fastq/ECA23-CBN097-FCHF7JNBBXX_L6_Sub_CHKPEI85216100518_indexTAGGCATG_GCCATAG_2P.fq.gz
CBN098	CBN098_S134	S134	/projects/b1059/projects/kammenga-nils-nf/fastq/CBN098_S134_L004_R1.fq.gz	/projects/b1059/projects/kammenga-nils-nf/fastq/CBN098_S134_L004_R2.fq.gz
CBN099	CBN099_S185	S185	/projects/b1059/projects/kammenga-nils-nf/fastq/CBN099_S185_L004_R1.fq.gz	/projects/b1059/projects/kammenga-nils-nf/fastq/CBN099_S185_L004_R2.fq.gz
CBN100	CBN100_S74	S74	/projects/b1059/projects/kammenga-nils-nf/fastq/CBN100_S74_L004_R1.fq.gz	/projects/b1059/projects/kammenga-nils-nf/fastq/CBN100_S74_L004_R2.fq.gz
CBN101	CBN101_S32	S32	/projects/b1059/projects/kammenga-nils-nf/fastq/CBN101_S32_L004_R1.fq.gz	/projects/b1059/projects/kammenga-nils-nf/fastq/CBN101_S32_L004_R2.fq.gz
CBN102	CBN102_S114	S114	/projects/b1059/projects/kammenga-nils-nf/fastq/CBN102_S114_L004_R1.fq.gz	/projects/b1059/projects/kammenga-nils-nf/fastq/CBN102_S114_L004_R2.fq.gz
CBN103	CBN103_S109	S109	/projects/b1059/projects/kammenga-nils-nf/fastq/CBN103_S109_L004_R1.fq.gz	/projects/b1059/projects/kammenga-nils-nf/fastq/CBN103_S109_L004_R2.fq.gz
CBN104	CBN104_S86	S86	/projects/b1059/projects/kammenga-nils-nf/fastq/CBN104_S86_L004_R1.fq.gz	/projects/b1059/projects/kammenga-nils-nf/fastq/CBN104_S86_L004_R2.fq.gz
CBN105	CBN105_S131	S131	/projects/b1059/projects/kammenga-nils-nf/fastq/CBN105_S131_L004_R1.fq.gz	/projects/b1059/projects/kammenga-nils-nf/fastq/CBN105_S131_L004_R2.fq.gz
CBN106	CBN106_S98	S98	/projects/b1059/projects/kammenga-nils-nf/fastq/CBN106_S98_L004_R1.fq.gz	/projects/b1059/projects/kammenga-nils-nf/fastq/CBN106_S98_L004_R2.fq.gz
CBN107	CBN107_S23	S23	/projects/b1059/projects/kammenga-nils-nf/fastq/CBN107_S23_L004_R1.fq.gz	/projects/b1059/projects/kammenga-nils-nf/fastq/CBN107_S23_L004_R2.fq.gz
CBN108	CBN108_S179	S179	/projects/b1059/projects/kammenga-nils-nf/fastq/CBN108_S179_L004_R1.fq.gz	/projects/b1059/projects/kammenga-nils-nf/fastq/CBN108_S179_L004_R2.fq.gz
CBN109	CBN109_S4	S4	/projects/b1059/projects/kammenga-nils-nf/fastq/CBN109_S4_L004_R1.fq.gz	/projects/b1059/projects/kammenga-nils-nf/fastq/CBN109_S4_L004_R2.fq.gz
CBN110	CBN110_S175	S175	/projects/b1059/projects/kammenga-nils-nf/fastq/CBN110_S175_L004_R1.fq.gz	/projects/b1059/projects/kammenga-nils-nf/fastq/CBN110_S175_L004_R2.fq.gz
CBN111	CBN111_S55	S55	/projects/b1059/projects/kammenga-nils-nf/fastq/CBN111_S55_L004_R1.fq.gz	/projects/b1059/projects/kammenga-nils-nf/fastq/CBN111_S55_L004_R2.fq.gz
CBN112	CBN112_S145	S145	/projects/b1059/projects/kammenga-nils-nf/fastq/CBN112_S145_L004_R1.fq.gz	/projects/b1059/projects/kammenga-nils-nf/fastq/CBN112_S145_L004_R2.fq.gz
CBN113	CBN113_S76	S76	/projects/b1059/projects/kammenga-nils-nf/fastq/CBN113_S76_L004_R1.fq.gz	/projects/b1059/projects/kammenga-nils-nf/fastq/CBN113_S76_L004_R2.fq.gz
CBN114	CBN114_S22	S22	/projects/b1059/projects/kammenga-nils-nf/fastq/CBN114_S22_L004_R1.fq.gz	/projects/b1059/projects/kammenga-nils-nf/fastq/CBN114_S22_L004_R2.fq.gz
CBN115	CBN115_S147	S147	/projects/b1059/projects/kammenga-nils-nf/fastq/CBN115_S147_L004_R1.fq.gz	/projects/b1059/projects/kammenga-nils-nf/fastq/CBN115_S147_L004_R2.fq.gz
CBN116	CBN116_S72	S72	/projects/b1059/projects/kammenga-nils-nf/fastq/CBN116_S72_L004_R1.fq.gz	/projects/b1059/projects/kammenga-nils-nf/fastq/CBN116_S72_L004_R2.fq.gz
CBN117	CBN117_S128	S128	/projects/b1059/projects/kammenga-nils-nf/fastq/CBN117_S128_L004_R1.fq.gz	/projects/b1059/projects/kammenga-nils-nf/fastq/CBN117_S128_L004_R2.fq.gz
CBN118	CBN118_S154	S154	/projects/b1059/projects/kammenga-nils-nf/fastq/CBN118_S154_L004_R1.fq.gz	/projects/b1059/projects/kammenga-nils-nf/fastq/CBN118_S154_L004_R2.fq.gz
CBN119	CBN119_S140	S140	/projects/b1059/projects/kammenga-nils-nf/fastq/CBN119_S140_L004_R1.fq.gz	/projects/b1059/projects/kammenga-nils-nf/fastq/CBN119_S140_L004_R2.fq.gz
CBN120	CBN120_S117	S117	/projects/b1059/projects/kammenga-nils-nf/fastq/CBN120_S117_L004_R1.fq.gz	/projects/b1059/projects/kammenga-nils-nf/fastq/CBN120_S117_L004_R2.fq.gz
CBN121	CBN121_S17	S17	/projects/b1059/projects/kammenga-nils-nf/fastq/CBN121_S17_L004_R1.fq.gz	/projects/b1059/projects/kammenga-nils-nf/fastq/CBN121_S17_L004_R2.fq.gz
CBN122	CBN122_S166	S166	/projects/b1059/projects/kammenga-nils-nf/fastq/CBN122_S166_L004_R1.fq.gz	/projects/b1059/projects/kammenga-nils-nf/fastq/CBN122_S166_L004_R2.fq.gz
CBN123	CBN123_S133	S133	/projects/b1059/projects/kammenga-nils-nf/fastq/CBN123_S133_L004_R1.fq.gz	/projects/b1059/projects/kammenga-nils-nf/fastq/CBN123_S133_L004_R2.fq.gz
CBN124	CBN124_S149	S149	/projects/b1059/projects/kammenga-nils-nf/fastq/CBN124_S149_L004_R1.fq.gz	/projects/b1059/projects/kammenga-nils-nf/fastq/CBN124_S149_L004_R2.fq.gz
CBN125	CBN125_S8	S8	/projects/b1059/projects/kammenga-nils-nf/fastq/CBN125_S8_L004_R1.fq.gz	/projects/b1059/projects/kammenga-nils-nf/fastq/CBN125_S8_L004_R2.fq.gz
CBN126	CBN126_S7	S7	/projects/b1059/projects/kammenga-nils-nf/fastq/CBN126_S7_L004_R1.fq.gz	/projects/b1059/projects/kammenga-nils-nf/fastq/CBN126_S7_L004_R2.fq.gz
CBN127	CBN127_S181	S181	/projects/b1059/projects/kammenga-nils-nf/fastq/CBN127_S181_L004_R1.fq.gz	/projects/b1059/projects/kammenga-nils-nf/fastq/CBN127_S181_L004_R2.fq.gz
CBN127	ECA23_CBN127_L5	TAGGCATGACCGTCG	/projects/b1059/projects/kammenga-nils-nf/fastq/ECA23-CBN127-FCHF7JNBBXX_L5_Sub_CHKPEI85216100518_indexTAGGCATG_ACCGTCG_1P.fq.gz	/projects/b1059/projects/kammenga-nils-nf/fastq/ECA23-CBN127-FCHF7JNBBXX_L5_Sub_CHKPEI85216100518_indexTAGGCATG_ACCGTCG_2P.fq.gz
CBN127	ECA23_CBN127_L6	TAGGCATGACCGTCG	/projects/b1059/projects/kammenga-nils-nf/fastq/ECA23-CBN127-FCHF7JNBBXX_L6_Sub_CHKPEI85216100518_indexTAGGCATG_ACCGTCG_1P.fq.gz	/projects/b1059/projects/kammenga-nils-nf/fastq/ECA23-CBN127-FCHF7JNBBXX_L6_Sub_CHKPEI85216100518_indexTAGGCATG_ACCGTCG_2P.fq.gz
CBN128	CBN128_S99	S99	/projects/b1059/projects/kammenga-nils-nf/fastq/CBN128_S99_L004_R1.fq.gz	/projects/b1059/projects/kammenga-nils-nf/fastq/CBN128_S99_L004_R2.fq.gz
CBN129	CBN129_S73	S73	/projects/b1059/projects/kammenga-nils-nf/fastq/CBN129_S73_L004_R1.fq.gz	/projects/b1059/projects/kammenga-nils-nf/fastq/CBN129_S73_L004_R2.fq.gz
CBN130	CBN130_S66	S66	/projects/b1059/projects/kammenga-nils-nf/fastq/CBN130_S66_L004_R1.fq.gz	/projects/b1059/projects/kammenga-nils-nf/fastq/CBN130_S66_L004_R2.fq.gz
CBN131	CBN131_S137	S137	/projects/b1059/projects/kammenga-nils-nf/fastq/CBN131_S137_L004_R1.fq.gz	/projects/b1059/projects/kammenga-nils-nf/fastq/CBN131_S137_L004_R2.fq.gz
CBN132	CBN132_S159	S159	/projects/b1059/projects/kammenga-nils-nf/fastq/CBN132_S159_L004_R1.fq.gz	/projects/b1059/projects/kammenga-nils-nf/fastq/CBN132_S159_L004_R2.fq.gz
CBN132	ECA23_CBN132_L5	TAGGCATGCTTGGTT	/projects/b1059/projects/kammenga-nils-nf/fastq/ECA23-CBN132-FCHF7JNBBXX_L5_Sub_CHKPEI85216100518_indexTAGGCATG_CTTGGTT_1P.fq.gz	/projects/b1059/projects/kammenga-nils-nf/fastq/ECA23-CBN132-FCHF7JNBBXX_L5_Sub_CHKPEI85216100518_indexTAGGCATG_CTTGGTT_2P.fq.gz
CBN132	ECA23_CBN132_L6	TAGGCATGCTTGGTT	/projects/b1059/projects/kammenga-nils-nf/fastq/ECA23-CBN132-FCHF7JNBBXX_L6_Sub_CHKPEI85216100518_indexTAGGCATG_CTTGGTT_1P.fq.gz	/projects/b1059/projects/kammenga-nils-nf/fastq/ECA23-CBN132-FCHF7JNBBXX_L6_Sub_CHKPEI85216100518_indexTAGGCATG_CTTGGTT_2P.fq.gz
CBN133	CBN133_S10	S10	/projects/b1059/projects/kammenga-nils-nf/fastq/CBN133_S10_L004_R1.fq.gz	/projects/b1059/projects/kammenga-nils-nf/fastq/CBN133_S10_L004_R2.fq.gz
CBN134	CBN134_S103	S103	/projects/b1059/projects/kammenga-nils-nf/fastq/CBN134_S103_L004_R1.fq.gz	/projects/b1059/projects/kammenga-nils-nf/fastq/CBN134_S103_L004_R2.fq.gz
CBN135	CBN135_S43	S43	/projects/b1059/projects/kammenga-nils-nf/fastq/CBN135_S43_L004_R1.fq.gz	/projects/b1059/projects/kammenga-nils-nf/fastq/CBN135_S43_L004_R2.fq.gz
CBN135	ECA23_CBN135_L5	TAGGCATGTACGCCG	/projects/b1059/projects/kammenga-nils-nf/fastq/ECA23-CBN135-FCHF7JNBBXX_L5_Sub_CHKPEI85216100518_indexTAGGCATG_TACGCCG_1P.fq.gz	/projects/b1059/projects/kammenga-nils-nf/fastq/ECA23-CBN135-FCHF7JNBBXX_L5_Sub_CHKPEI85216100518_indexTAGGCATG_TACGCCG_2P.fq.gz
CBN135	ECA23_CBN135_L6	TAGGCATGTACGCCG	/projects/b1059/projects/kammenga-nils-nf/fastq/ECA23-CBN135-FCHF7JNBBXX_L6_Sub_CHKPEI85216100518_indexTAGGCATG_TACGCCG_1P.fq.gz	/projects/b1059/projects/kammenga-nils-nf/fastq/ECA23-CBN135-FCHF7JNBBXX_L6_Sub_CHKPEI85216100518_indexTAGGCATG_TACGCCG_2P.fq.gz
CBN136	CBN136_S153	S153	/projects/b1059/projects/kammenga-nils-nf/fastq/CBN136_S153_L004_R1.fq.gz	/projects/b1059/projects/kammenga-nils-nf/fastq/CBN136_S153_L004_R2.fq.gz
CBN137	CBN137_S70	S70	/projects/b1059/projects/kammenga-nils-nf/fastq/CBN137_S70_L004_R1.fq.gz	/projects/b1059/projects/kammenga-nils-nf/fastq/CBN137_S70_L004_R2.fq.gz
CBN138	CBN138_S77	S77	/projects/b1059/projects/kammenga-nils-nf/fastq/CBN138_S77_L004_R1.fq.gz	/projects/b1059/projects/kammenga-nils-nf/fastq/CBN138_S77_L004_R2.fq.gz
CBN139	CBN139_S83	S83	/projects/b1059/projects/kammenga-nils-nf/fastq/CBN139_S83_L004_R1.fq.gz	/projects/b1059/projects/kammenga-nils-nf/fastq/CBN139_S83_L004_R2.fq.gz
CBN140	CBN140_S191	S191	/projects/b1059/projects/kammenga-nils-nf/fastq/CBN140_S191_L004_R1.fq.gz	/projects/b1059/projects/kammenga-nils-nf/fastq/CBN140_S191_L004_R2.fq.gz
CBN141	CBN141_S67	S67	/projects/b1059/projects/kammenga-nils-nf/fastq/CBN141_S67_L004_R1.fq.gz	/projects/b1059/projects/kammenga-nils-nf/fastq/CBN141_S67_L004_R2.fq.gz
CBN142	CBN142_S50	S50	/projects/b1059/projects/kammenga-nils-nf/fastq/CBN142_S50_L004_R1.fq.gz	/projects/b1059/projects/kammenga-nils-nf/fastq/CBN142_S50_L004_R2.fq.gz
CBN143	CBN143_S37	S37	/projects/b1059/projects/kammenga-nils-nf/fastq/CBN143_S37_L004_R1.fq.gz	/projects/b1059/projects/kammenga-nils-nf/fastq/CBN143_S37_L004_R2.fq.gz
CBN144	CBN144_S49	S49	/projects/b1059/projects/kammenga-nils-nf/fastq/CBN144_S49_L004_R1.fq.gz	/projects/b1059/projects/kammenga-nils-nf/fastq/CBN144_S49_L004_R2.fq.gz
CBN145	CBN145_S6	S6	/projects/b1059/projects/kammenga-nils-nf/fastq/CBN145_S6_L004_R1.fq.gz	/projects/b1059/projects/kammenga-nils-nf/fastq/CBN145_S6_L004_R2.fq.gz
CBN146	CBN146_S71	S71	/projects/b1059/projects/kammenga-nils-nf/fastq/CBN146_S71_L004_R1.fq.gz	/projects/b1059/projects/kammenga-nils-nf/fastq/CBN146_S71_L004_R2.fq.gz
CBN147	CBN147_S75	S75	/projects/b1059/projects/kammenga-nils-nf/fastq/CBN147_S75_L004_R1.fq.gz	/projects/b1059/projects/kammenga-nils-nf/fastq/CBN147_S75_L004_R2.fq.gz
CBN148	CBN148_S151	S151	/projects/b1059/projects/kammenga-nils-nf/fastq/CBN148_S151_L004_R1.fq.gz	/projects/b1059/projects/kammenga-nils-nf/fastq/CBN148_S151_L004_R2.fq.gz
CBN149	CBN149_S104	S104	/projects/b1059/projects/kammenga-nils-nf/fastq/CBN149_S104_L004_R1.fq.gz	/projects/b1059/projects/kammenga-nils-nf/fastq/CBN149_S104_L004_R2.fq.gz
CBN150	CBN150_S107	S107	/projects/b1059/projects/kammenga-nils-nf/fastq/CBN150_S107_L004_R1.fq.gz	/projects/b1059/projects/kammenga-nils-nf/fastq/CBN150_S107_L004_R2.fq.gz
CBN151	CBN151_S121	S121	/projects/b1059/projects/kammenga-nils-nf/fastq/CBN151_S121_L004_R1.fq.gz	/projects/b1059/projects/kammenga-nils-nf/fastq/CBN151_S121_L004_R2.fq.gz
CBN152	CBN152_S40	S40	/projects/b1059/projects/kammenga-nils-nf/fastq/CBN152_S40_L004_R1.fq.gz	/projects/b1059/projects/kammenga-nils-nf/fastq/CBN152_S40_L004_R2.fq.gz
CBN153	CBN153_S24	S24	/projects/b1059/projects/kammenga-nils-nf/fastq/CBN153_S24_L004_R1.fq.gz	/projects/b1059/projects/kammenga-nils-nf/fastq/CBN153_S24_L004_R2.fq.gz
CBN154	CBN154_S92	S92	/projects/b1059/projects/kammenga-nils-nf/fastq/CBN154_S92_L004_R1.fq.gz	/projects/b1059/projects/kammenga-nils-nf/fastq/CBN154_S92_L004_R2.fq.gz
ewIR003	ewIR003_S113	S113	/projects/b1059/projects/kammenga-nils-nf/fastq/ewIR003_S113_L004_R1.fq.gz	/projects/b1059/projects/kammenga-nils-nf/fastq/ewIR003_S113_L004_R2.fq.gz
ewIR004	ewIR004_S97	S97	/projects/b1059/projects/kammenga-nils-nf/fastq/ewIR004_S97_L004_R1.fq.gz	/projects/b1059/projects/kammenga-nils-nf/fastq/ewIR004_S97_L004_R2.fq.gz
ewIR006	ewIR006_S111	S111	/projects/b1059/projects/kammenga-nils-nf/fastq/ewIR006_S111_L004_R1.fq.gz	/projects/b1059/projects/kammenga-nils-nf/fastq/ewIR006_S111_L004_R2.fq.gz
ewIR008	ewIR008_S46	S46	/projects/b1059/projects/kammenga-nils-nf/fastq/ewIR008_S46_L004_R1.fq.gz	/projects/b1059/projects/kammenga-nils-nf/fastq/ewIR008_S46_L004_R2.fq.gz
ewIR010	ewIR010_S15	S15	/projects/b1059/projects/kammenga-nils-nf/fastq/ewIR010_S15_L004_R1.fq.gz	/projects/b1059/projects/kammenga-nils-nf/fastq/ewIR010_S15_L004_R2.fq.gz
ewIR013	ewIR013_S52	S52	/projects/b1059/projects/kammenga-nils-nf/fastq/ewIR013_S52_L004_R1.fq.gz	/projects/b1059/projects/kammenga-nils-nf/fastq/ewIR013_S52_L004_R2.fq.gz
ewIR014	ewIR014_S79	S79	/projects/b1059/projects/kammenga-nils-nf/fastq/ewIR014_S79_L004_R1.fq.gz	/projects/b1059/projects/kammenga-nils-nf/fastq/ewIR014_S79_L004_R2.fq.gz
ewIR018	ewIR018_S118	S118	/projects/b1059/projects/kammenga-nils-nf/fastq/ewIR018_S118_L004_R1.fq.gz	/projects/b1059/projects/kammenga-nils-nf/fastq/ewIR018_S118_L004_R2.fq.gz
ewIR022	ewIR022_S54	S54	/projects/b1059/projects/kammenga-nils-nf/fastq/ewIR022_S54_L004_R1.fq.gz	/projects/b1059/projects/kammenga-nils-nf/fastq/ewIR022_S54_L004_R2.fq.gz
ewIR024	ewIR024_S28	S28	/projects/b1059/projects/kammenga-nils-nf/fastq/ewIR024_S28_L004_R1.fq.gz	/projects/b1059/projects/kammenga-nils-nf/fastq/ewIR024_S28_L004_R2.fq.gz
ewIR031	ewIR031_S3	S3	/projects/b1059/projects/kammenga-nils-nf/fastq/ewIR031_S3_L004_R1.fq.gz	/projects/b1059/projects/kammenga-nils-nf/fastq/ewIR031_S3_L004_R2.fq.gz
ewIR033	ewIR033_S126	S126	/projects/b1059/projects/kammenga-nils-nf/fastq/ewIR033_S126_L004_R1.fq.gz	/projects/b1059/projects/kammenga-nils-nf/fastq/ewIR033_S126_L004_R2.fq.gz
ewIR036	ewIR036_S141	S141	/projects/b1059/projects/kammenga-nils-nf/fastq/ewIR036_S141_L004_R1.fq.gz	/projects/b1059/projects/kammenga-nils-nf/fastq/ewIR036_S141_L004_R2.fq.gz
ewIR037	ewIR037_S146	S146	/projects/b1059/projects/kammenga-nils-nf/fastq/ewIR037_S146_L004_R1.fq.gz	/projects/b1059/projects/kammenga-nils-nf/fastq/ewIR037_S146_L004_R2.fq.gz
ewIR038	ewIR038_S122	S122	/projects/b1059/projects/kammenga-nils-nf/fastq/ewIR038_S122_L004_R1.fq.gz	/projects/b1059/projects/kammenga-nils-nf/fastq/ewIR038_S122_L004_R2.fq.gz
ewIR040	ewIR040_S56	S56	/projects/b1059/projects/kammenga-nils-nf/fastq/ewIR040_S56_L004_R1.fq.gz	/projects/b1059/projects/kammenga-nils-nf/fastq/ewIR040_S56_L004_R2.fq.gz
ewIR047	ewIR047_S45	S45	/projects/b1059/projects/kammenga-nils-nf/fastq/ewIR047_S45_L004_R1.fq.gz	/projects/b1059/projects/kammenga-nils-nf/fastq/ewIR047_S45_L004_R2.fq.gz
ewIR049	ewIR049_S182	S182	/projects/b1059/projects/kammenga-nils-nf/fastq/ewIR049_S182_L004_R1.fq.gz	/projects/b1059/projects/kammenga-nils-nf/fastq/ewIR049_S182_L004_R2.fq.gz
ewIR053	ewIR053_S44	S44	/projects/b1059/projects/kammenga-nils-nf/fastq/ewIR053_S44_L004_R1.fq.gz	/projects/b1059/projects/kammenga-nils-nf/fastq/ewIR053_S44_L004_R2.fq.gz
ewIR056	ewIR056_S173	S173	/projects/b1059/projects/kammenga-nils-nf/fastq/ewIR056_S173_L004_R1.fq.gz	/projects/b1059/projects/kammenga-nils-nf/fastq/ewIR056_S173_L004_R2.fq.gz
ewIR059	ewIR059_S176	S176	/projects/b1059/projects/kammenga-nils-nf/fastq/ewIR059_S176_L004_R1.fq.gz	/projects/b1059/projects/kammenga-nils-nf/fastq/ewIR059_S176_L004_R2.fq.gz
ewIR061	ewIR061_S36	S36	/projects/b1059/projects/kammenga-nils-nf/fastq/ewIR061_S36_L004_R1.fq.gz	/projects/b1059/projects/kammenga-nils-nf/fastq/ewIR061_S36_L004_R2.fq.gz
ewIR062	ewIR062_S35	S35	/projects/b1059/projects/kammenga-nils-nf/fastq/ewIR062_S35_L004_R1.fq.gz	/projects/b1059/projects/kammenga-nils-nf/fastq/ewIR062_S35_L004_R2.fq.gz
ewIR065	ewIR065_S155	S155	/projects/b1059/projects/kammenga-nils-nf/fastq/ewIR065_S155_L004_R1.fq.gz	/projects/b1059/projects/kammenga-nils-nf/fastq/ewIR065_S155_L004_R2.fq.gz
ewIR069	ewIR069_S89	S89	/projects/b1059/projects/kammenga-nils-nf/fastq/ewIR069_S89_L004_R1.fq.gz	/projects/b1059/projects/kammenga-nils-nf/fastq/ewIR069_S89_L004_R2.fq.gz
ewIR072	ewIR072_S100	S100	/projects/b1059/projects/kammenga-nils-nf/fastq/ewIR072_S100_L004_R1.fq.gz	/projects/b1059/projects/kammenga-nils-nf/fastq/ewIR072_S100_L004_R2.fq.gz
ewIR075	ewIR075_S30	S30	/projects/b1059/projects/kammenga-nils-nf/fastq/ewIR075_S30_L004_R1.fq.gz	/projects/b1059/projects/kammenga-nils-nf/fastq/ewIR075_S30_L004_R2.fq.gz
ewIR082	ewIR082_S59	S59	/projects/b1059/projects/kammenga-nils-nf/fastq/ewIR082_S59_L004_R1.fq.gz	/projects/b1059/projects/kammenga-nils-nf/fastq/ewIR082_S59_L004_R2.fq.gz
ewIR083	ewIR083_S101	S101	/projects/b1059/projects/kammenga-nils-nf/fastq/ewIR083_S101_L004_R1.fq.gz	/projects/b1059/projects/kammenga-nils-nf/fastq/ewIR083_S101_L004_R2.fq.gz
ewIR085	ewIR085_S13	S13	/projects/b1059/projects/kammenga-nils-nf/fastq/ewIR085_S13_L004_R1.fq.gz	/projects/b1059/projects/kammenga-nils-nf/fastq/ewIR085_S13_L004_R2.fq.gz
JU1511	ECA23_JU1511_L5	AGGCAGAAGCATTCG	/projects/b1059/projects/kammenga-nils-nf/fastq/ECA23-JU1511-FCHF7JNBBXX_L5_Sub_CHKPEI85216100518_indexAGGCAGAA_GCATTCG_1P.fq.gz	/projects/b1059/projects/kammenga-nils-nf/fastq/ECA23-JU1511-FCHF7JNBBXX_L5_Sub_CHKPEI85216100518_indexAGGCAGAA_GCATTCG_2P.fq.gz
JU1511	ECA23_JU1511_L6	AGGCAGAAGCATTCG	/projects/b1059/projects/kammenga-nils-nf/fastq/ECA23-JU1511-FCHF7JNBBXX_L6_Sub_CHKPEI85216100518_indexAGGCAGAA_GCATTCG_1P.fq.gz	/projects/b1059/projects/kammenga-nils-nf/fastq/ECA23-JU1511-FCHF7JNBBXX_L6_Sub_CHKPEI85216100518_indexAGGCAGAA_GCATTCG_2P.fq.gz
JU1926	ECA23_JU1926_L5	AGGCAGAATACTATT	/projects/b1059/projects/kammenga-nils-nf/fastq/ECA23-JU1926-FCHF7JNBBXX_L5_Sub_CHKPEI85216100518_indexAGGCAGAA_TACTATT_1P.fq.gz	/projects/b1059/projects/kammenga-nils-nf/fastq/ECA23-JU1926-FCHF7JNBBXX_L5_Sub_CHKPEI85216100518_indexAGGCAGAA_TACTATT_2P.fq.gz
JU1926	ECA23_JU1926_L6	AGGCAGAATACTATT	/projects/b1059/projects/kammenga-nils-nf/fastq/ECA23-JU1926-FCHF7JNBBXX_L6_Sub_CHKPEI85216100518_indexAGGCAGAA_TACTATT_1P.fq.gz	/projects/b1059/projects/kammenga-nils-nf/fastq/ECA23-JU1926-FCHF7JNBBXX_L6_Sub_CHKPEI85216100518_indexAGGCAGAA_TACTATT_2P.fq.gz
JU1931	ECA23_JU1931_L5	AGGCAGAACCTATCT	/projects/b1059/projects/kammenga-nils-nf/fastq/ECA23-JU1931-FCHF7JNBBXX_L5_Sub_CHKPEI85216100518_indexAGGCAGAA_CCTATCT_1P.fq.gz	/projects/b1059/projects/kammenga-nils-nf/fastq/ECA23-JU1931-FCHF7JNBBXX_L5_Sub_CHKPEI85216100518_indexAGGCAGAA_CCTATCT_2P.fq.gz
JU1931	ECA23_JU1931_L6	AGGCAGAACCTATCT	/projects/b1059/projects/kammenga-nils-nf/fastq/ECA23-JU1931-FCHF7JNBBXX_L6_Sub_CHKPEI85216100518_indexAGGCAGAA_CCTATCT_1P.fq.gz	/projects/b1059/projects/kammenga-nils-nf/fastq/ECA23-JU1931-FCHF7JNBBXX_L6_Sub_CHKPEI85216100518_indexAGGCAGAA_CCTATCT_2P.fq.gz
JU1941	ECA23_JU1941_L5	GGACTCCTAGGTATT	/projects/b1059/projects/kammenga-nils-nf/fastq/ECA23-JU1941-FCHF7JNBBXX_L5_Sub_CHKPEI85216100518_indexGGACTCCT_AGGTATT_1P.fq.gz	/projects/b1059/projects/kammenga-nils-nf/fastq/ECA23-JU1941-FCHF7JNBBXX_L5_Sub_CHKPEI85216100518_indexGGACTCCT_AGGTATT_2P.fq.gz
JU1941	ECA23_JU1941_L6	GGACTCCTAGGTATT	/projects/b1059/projects/kammenga-nils-nf/fastq/ECA23-JU1941-FCHF7JNBBXX_L6_Sub_CHKPEI85216100518_indexGGACTCCT_AGGTATT_1P.fq.gz	/projects/b1059/projects/kammenga-nils-nf/fastq/ECA23-JU1941-FCHF7JNBBXX_L6_Sub_CHKPEI85216100518_indexGGACTCCT_AGGTATT_2P.fq.gz
N2-2008	N2-2008_S158	S158	/projects/b1059/projects/kammenga-nils-nf/fastq/N2-2008_S158_L004_R1.fq.gz	/projects/b1059/projects/kammenga-nils-nf/fastq/N2-2008_S158_L004_R2.fq.gz
NL5901	ECA23_NL5901_L5	TAGGCATGACCTGCT	/projects/b1059/projects/kammenga-nils-nf/fastq/ECA23-NL5901-FCHF7JNBBXX_L5_Sub_CHKPEI85216100518_indexTAGGCATG_ACCTGCT_1P.fq.gz	/projects/b1059/projects/kammenga-nils-nf/fastq/ECA23-NL5901-FCHF7JNBBXX_L5_Sub_CHKPEI85216100518_indexTAGGCATG_ACCTGCT_2P.fq.gz
NL5901	ECA23_NL5901_L6	TAGGCATGACCTGCT	/projects/b1059/projects/kammenga-nils-nf/fastq/ECA23-NL5901-FCHF7JNBBXX_L6_Sub_CHKPEI85216100518_indexTAGGCATG_ACCTGCT_1P.fq.gz	/projects/b1059/projects/kammenga-nils-nf/fastq/ECA23-NL5901-FCHF7JNBBXX_L6_Sub_CHKPEI85216100518_indexTAGGCATG_ACCTGCT_2P.fq.gz
PD1511	ECA23_PD1511_L5	GGACTCCTACTTCAA	/projects/b1059/projects/kammenga-nils-nf/fastq/ECA23-PD1511-FCHF7JNBBXX_L5_Sub_CHKPEI85216100518_indexGGACTCCT_ACTTCAA_1P.fq.gz	/projects/b1059/projects/kammenga-nils-nf/fastq/ECA23-PD1511-FCHF7JNBBXX_L5_Sub_CHKPEI85216100518_indexGGACTCCT_ACTTCAA_2P.fq.gz
PD1511	ECA23_PD1511_L6	GGACTCCTACTTCAA	/projects/b1059/projects/kammenga-nils-nf/fastq/ECA23-PD1511-FCHF7JNBBXX_L6_Sub_CHKPEI85216100518_indexGGACTCCT_ACTTCAA_1P.fq.gz	/projects/b1059/projects/kammenga-nils-nf/fastq/ECA23-PD1511-FCHF7JNBBXX_L6_Sub_CHKPEI85216100518_indexGGACTCCT_ACTTCAA_2P.fq.gz
PD1926	ECA23_PD1926_L5	GGACTCCTATATACG	/projects/b1059/projects/kammenga-nils-nf/fastq/ECA23-PD1926-FCHF7JNBBXX_L5_Sub_CHKPEI85216100518_indexGGACTCCT_ATATACG_1P.fq.gz	/projects/b1059/projects/kammenga-nils-nf/fastq/ECA23-PD1926-FCHF7JNBBXX_L5_Sub_CHKPEI85216100518_indexGGACTCCT_ATATACG_2P.fq.gz
PD1926	ECA23_PD1926_L6	GGACTCCTATATACG	/projects/b1059/projects/kammenga-nils-nf/fastq/ECA23-PD1926-FCHF7JNBBXX_L6_Sub_CHKPEI85216100518_indexGGACTCCT_ATATACG_1P.fq.gz	/projects/b1059/projects/kammenga-nils-nf/fastq/ECA23-PD1926-FCHF7JNBBXX_L6_Sub_CHKPEI85216100518_indexGGACTCCT_ATATACG_2P.fq.gz
PD1931	ECA23_PD1931_L5	GGACTCCTTCAGTAT	/projects/b1059/projects/kammenga-nils-nf/fastq/ECA23-PD1931-FCHF7JNBBXX_L5_Sub_CHKPEI85216100518_indexGGACTCCT_TCAGTAT_1P.fq.gz	/projects/b1059/projects/kammenga-nils-nf/fastq/ECA23-PD1931-FCHF7JNBBXX_L5_Sub_CHKPEI85216100518_indexGGACTCCT_TCAGTAT_2P.fq.gz
PD1931	ECA23_PD1931_L6	GGACTCCTTCAGTAT	/projects/b1059/projects/kammenga-nils-nf/fastq/ECA23-PD1931-FCHF7JNBBXX_L6_Sub_CHKPEI85216100518_indexGGACTCCT_TCAGTAT_1P.fq.gz	/projects/b1059/projects/kammenga-nils-nf/fastq/ECA23-PD1931-FCHF7JNBBXX_L6_Sub_CHKPEI85216100518_indexGGACTCCT_TCAGTAT_2P.fq.gz
PD1941	ECA23_PD1941_L5	AGGCAGAATGCAGAG	/projects/b1059/projects/kammenga-nils-nf/fastq/ECA23-PD1941-FCHF7JNBBXX_L5_Sub_CHKPEI85216100518_indexAGGCAGAA_TGCAGAG_1P.fq.gz	/projects/b1059/projects/kammenga-nils-nf/fastq/ECA23-PD1941-FCHF7JNBBXX_L5_Sub_CHKPEI85216100518_indexAGGCAGAA_TGCAGAG_2P.fq.gz
PD1941	ECA23_PD1941_L6	AGGCAGAATGCAGAG	/projects/b1059/projects/kammenga-nils-nf/fastq/ECA23-PD1941-FCHF7JNBBXX_L6_Sub_CHKPEI85216100518_indexAGGCAGAA_TGCAGAG_1P.fq.gz	/projects/b1059/projects/kammenga-nils-nf/fastq/ECA23-PD1941-FCHF7JNBBXX_L6_Sub_CHKPEI85216100518_indexAGGCAGAA_TGCAGAG_2P.fq.gz
WN001-2013	WN001-2013_S47	S47	/projects/b1059/projects/kammenga-nils-nf/fastq/WN001-2013_S47_L004_R1.fq.gz	/projects/b1059/projects/kammenga-nils-nf/fastq/WN001-2013_S47_L004_R2.fq.gz
WN007-2013	WN007-2013_S33	S33	/projects/b1059/projects/kammenga-nils-nf/fastq/WN007-2013_S33_L004_R1.fq.gz	/projects/b1059/projects/kammenga-nils-nf/fastq/WN007-2013_S33_L004_R2.fq.gz
WN025-2013	WN025-2013_S80	S80	/projects/b1059/projects/kammenga-nils-nf/fastq/WN025-2013_S80_L004_R1.fq.gz	/projects/b1059/projects/kammenga-nils-nf/fastq/WN025-2013_S80_L004_R2.fq.gz
WN068-2013	WN068-2013_S188	S188	/projects/b1059/projects/kammenga-nils-nf/fastq/WN068-2013_S188_L004_R1.fq.gz	/projects/b1059/projects/kammenga-nils-nf/fastq/WN068-2013_S188_L004_R2.fq.gz
WN071-2013	WN071-2013_S1	S1	/projects/b1059/projects/kammenga-nils-nf/fastq/WN071-2013_S1_L004_R1.fq.gz	/projects/b1059/projects/kammenga-nils-nf/fastq/WN071-2013_S1_L004_R2.fq.gz
WN071	ECA23_WN071_L5	TAGGCATGGGACTGC	/projects/b1059/projects/kammenga-nils-nf/fastq/ECA23-WN071-FCHF7JNBBXX_L5_Sub_CHKPEI85216100518_indexTAGGCATG_GGACTGC_1P.fq.gz	/projects/b1059/projects/kammenga-nils-nf/fastq/ECA23-WN071-FCHF7JNBBXX_L5_Sub_CHKPEI85216100518_indexTAGGCATG_GGACTGC_2P.fq.gz
WN071	ECA23_WN071_L6	TAGGCATGGGACTGC	/projects/b1059/projects/kammenga-nils-nf/fastq/ECA23-WN071-FCHF7JNBBXX_L6_Sub_CHKPEI85216100518_indexTAGGCATG_GGACTGC_1P.fq.gz	/projects/b1059/projects/kammenga-nils-nf/fastq/ECA23-WN071-FCHF7JNBBXX_L6_Sub_CHKPEI85216100518_indexTAGGCATG_GGACTGC_2P.fq.gz
WN110-2013	WN110-2013_S130	S130	/projects/b1059/projects/kammenga-nils-nf/fastq/WN110-2013_S130_L004_R1.fq.gz	/projects/b1059/projects/kammenga-nils-nf/fastq/WN110-2013_S130_L004_R2.fq.gz
